instance,solver,preprocessing,colors,lower_bound,time,status
ER_n80_p0.05_s42,CP-NEQ,No,3,3,0.0958547592163086,optimal
ER_n80_p0.05_s42,CP-NEQ,Yes,3,3,0.027202367782592773,optimal
ER_n80_p0.05_s42,ASS-CPSAT,No,3,3,0.11115431785583496,optimal
ER_n80_p0.05_s42,ASS-CPSAT,Yes,3,3,0.045348167419433594,optimal
ER_n80_p0.05_s42,ASS-S-CPSAT,No,3,3,0.11297321319580078,optimal
ER_n80_p0.05_s42,ASS-S-CPSAT,Yes,3,3,0.058768510818481445,optimal
ER_n80_p0.05_s42,CP-AllDiff,No,3,3,0.12770771980285645,optimal
ER_n80_p0.05_s42,CP-AllDiff,Yes,3,3,0.07611441612243652,optimal
ER_n80_p0.05_s42,SAT,No,3,3,0.01635146141052246,optimal
ER_n80_p0.05_s42,SAT,Yes,3,3,0.007165193557739258,optimal
ER_n80_p0.05_s123,CP-NEQ,No,3,3,0.05104422569274902,optimal
ER_n80_p0.05_s123,CP-NEQ,Yes,3,3,0.030421972274780273,optimal
ER_n80_p0.05_s123,ASS-CPSAT,No,3,3,0.14215493202209473,optimal
ER_n80_p0.05_s123,ASS-CPSAT,Yes,3,3,0.10976624488830566,optimal
ER_n80_p0.05_s123,ASS-S-CPSAT,No,3,3,0.2826709747314453,optimal
ER_n80_p0.05_s123,ASS-S-CPSAT,Yes,3,3,0.16722965240478516,optimal
ER_n80_p0.05_s123,CP-AllDiff,No,3,3,0.21569013595581055,optimal
ER_n80_p0.05_s123,CP-AllDiff,Yes,3,3,0.09399604797363281,optimal
ER_n80_p0.05_s123,SAT,No,3,3,0.029201745986938477,optimal
ER_n80_p0.05_s123,SAT,Yes,3,3,0.01657390594482422,optimal
ER_n80_p0.1_s42,CP-NEQ,No,4,4,0.10955142974853516,optimal
ER_n80_p0.1_s42,CP-NEQ,Yes,4,4,0.21732187271118164,optimal
ER_n80_p0.1_s42,ASS-CPSAT,No,4,4,0.5422136783599854,optimal
ER_n80_p0.1_s42,ASS-CPSAT,Yes,4,4,0.3156874179840088,optimal
ER_n80_p0.1_s42,ASS-S-CPSAT,No,4,4,0.30062055587768555,optimal
ER_n80_p0.1_s42,ASS-S-CPSAT,Yes,4,4,0.2487950325012207,optimal
ER_n80_p0.1_s42,CP-AllDiff,No,4,4,0.2564363479614258,optimal
ER_n80_p0.1_s42,CP-AllDiff,Yes,4,4,0.24608540534973145,optimal
ER_n80_p0.1_s42,SAT,No,4,4,0.07777857780456543,optimal
ER_n80_p0.1_s42,SAT,Yes,4,4,0.10119295120239258,optimal
ER_n80_p0.1_s123,CP-NEQ,No,5,5,1.622586965560913,optimal
ER_n80_p0.1_s123,CP-NEQ,Yes,5,5,1.876640796661377,optimal
ER_n80_p0.1_s123,ASS-CPSAT,No,5,5,0.4492800235748291,optimal
ER_n80_p0.1_s123,ASS-CPSAT,Yes,5,5,0.42476844787597656,optimal
ER_n80_p0.1_s123,ASS-S-CPSAT,No,5,5,0.5250272750854492,optimal
ER_n80_p0.1_s123,ASS-S-CPSAT,Yes,5,5,0.431424617767334,optimal
ER_n80_p0.1_s123,CP-AllDiff,No,5,5,0.7882323265075684,optimal
ER_n80_p0.1_s123,CP-AllDiff,Yes,5,5,0.7380144596099854,optimal
ER_n80_p0.1_s123,SAT,No,5,5,0.13004159927368164,optimal
ER_n80_p0.1_s123,SAT,Yes,5,5,0.12122964859008789,optimal
ER_n80_p0.2_s42,CP-NEQ,No,6,6,2.8352584838867188,optimal
ER_n80_p0.2_s42,CP-NEQ,Yes,6,6,4.249438285827637,optimal
ER_n80_p0.2_s42,ASS-CPSAT,No,6,6,1.8813509941101074,optimal
ER_n80_p0.2_s42,ASS-CPSAT,Yes,6,6,0.9364187717437744,optimal
ER_n80_p0.2_s42,ASS-S-CPSAT,No,6,6,1.446204423904419,optimal
ER_n80_p0.2_s42,ASS-S-CPSAT,Yes,6,6,1.3223583698272705,optimal
ER_n80_p0.2_s42,CP-AllDiff,No,6,6,2.2557809352874756,optimal
ER_n80_p0.2_s42,CP-AllDiff,Yes,6,6,4.30320143699646,optimal
ER_n80_p0.2_s42,SAT,No,6,6,0.4453907012939453,optimal
ER_n80_p0.2_s42,SAT,Yes,6,6,0.8049116134643555,optimal
ER_n80_p0.2_s123,CP-NEQ,No,7,6,60.13230228424072,feasible
ER_n80_p0.2_s123,CP-NEQ,Yes,7,6,60.14066457748413,feasible
ER_n80_p0.2_s123,ASS-CPSAT,No,7,6,61.18237900733948,feasible
ER_n80_p0.2_s123,ASS-CPSAT,Yes,7,6,60.789052963256836,feasible
ER_n80_p0.2_s123,ASS-S-CPSAT,No,7,6,61.08833622932434,feasible
ER_n80_p0.2_s123,ASS-S-CPSAT,Yes,7,6,61.23160147666931,feasible
ER_n80_p0.2_s123,CP-AllDiff,No,7,6,60.28482389450073,feasible
ER_n80_p0.2_s123,CP-AllDiff,Yes,7,6,60.25185441970825,feasible
ER_n80_p0.2_s123,SAT,No,7,4,60.48358225822449,feasible
ER_n80_p0.2_s123,SAT,Yes,7,4,60.32427477836609,feasible
ER_n120_p0.05_s42,CP-NEQ,No,4,4,0.14122223854064941,optimal
ER_n120_p0.05_s42,CP-NEQ,Yes,4,4,0.13912034034729004,optimal
ER_n120_p0.05_s42,ASS-CPSAT,No,4,4,0.5864849090576172,optimal
ER_n120_p0.05_s42,ASS-CPSAT,Yes,4,4,0.570554256439209,optimal
ER_n120_p0.05_s42,ASS-S-CPSAT,No,4,4,0.6422367095947266,optimal
ER_n120_p0.05_s42,ASS-S-CPSAT,Yes,4,4,0.47909069061279297,optimal
ER_n120_p0.05_s42,CP-AllDiff,No,4,4,0.440293550491333,optimal
ER_n120_p0.05_s42,CP-AllDiff,Yes,4,4,0.33891868591308594,optimal
ER_n120_p0.05_s42,SAT,No,4,4,0.1183314323425293,optimal
ER_n120_p0.05_s42,SAT,Yes,4,4,0.08269929885864258,optimal
ER_n120_p0.05_s123,CP-NEQ,No,4,4,0.13630151748657227,optimal
ER_n120_p0.05_s123,CP-NEQ,Yes,4,4,0.14053988456726074,optimal
ER_n120_p0.05_s123,ASS-CPSAT,No,4,4,0.5321884155273438,optimal
ER_n120_p0.05_s123,ASS-CPSAT,Yes,4,4,0.5480711460113525,optimal
ER_n120_p0.05_s123,ASS-S-CPSAT,No,4,4,0.6389024257659912,optimal
ER_n120_p0.05_s123,ASS-S-CPSAT,Yes,4,4,0.6302361488342285,optimal
ER_n120_p0.05_s123,CP-AllDiff,No,4,4,0.5777502059936523,optimal
ER_n120_p0.05_s123,CP-AllDiff,Yes,4,4,0.5652503967285156,optimal
ER_n120_p0.05_s123,SAT,No,4,4,0.15943121910095215,optimal
ER_n120_p0.05_s123,SAT,Yes,4,4,0.12784242630004883,optimal
ER_n120_p0.1_s42,CP-NEQ,No,5,5,2.0986671447753906,optimal
ER_n120_p0.1_s42,CP-NEQ,Yes,5,5,2.132927894592285,optimal
ER_n120_p0.1_s42,ASS-CPSAT,No,5,5,2.102318286895752,optimal
ER_n120_p0.1_s42,ASS-CPSAT,Yes,5,5,1.5259883403778076,optimal
ER_n120_p0.1_s42,ASS-S-CPSAT,No,5,5,1.49717116355896,optimal
ER_n120_p0.1_s42,ASS-S-CPSAT,Yes,5,5,1.6566674709320068,optimal
ER_n120_p0.1_s42,CP-AllDiff,No,5,5,1.6011664867401123,optimal
ER_n120_p0.1_s42,CP-AllDiff,Yes,5,5,1.5710163116455078,optimal
ER_n120_p0.1_s42,SAT,No,5,5,0.5858199596405029,optimal
ER_n120_p0.1_s42,SAT,Yes,5,5,0.552875280380249,optimal
ER_n120_p0.1_s123,CP-NEQ,No,5,5,5.922960996627808,optimal
ER_n120_p0.1_s123,CP-NEQ,Yes,5,5,13.018378973007202,optimal
ER_n120_p0.1_s123,ASS-CPSAT,No,5,5,2.482778310775757,optimal
ER_n120_p0.1_s123,ASS-CPSAT,Yes,5,5,1.7220613956451416,optimal
ER_n120_p0.1_s123,ASS-S-CPSAT,No,5,5,1.4974956512451172,optimal
ER_n120_p0.1_s123,ASS-S-CPSAT,Yes,5,5,1.627281904220581,optimal
ER_n120_p0.1_s123,CP-AllDiff,No,5,5,4.682134628295898,optimal
ER_n120_p0.1_s123,CP-AllDiff,Yes,5,5,5.535670280456543,optimal
ER_n120_p0.1_s123,SAT,No,5,5,0.8875412940979004,optimal
ER_n120_p0.1_s123,SAT,Yes,5,5,1.7384414672851562,optimal
ER_n120_p0.2_s42,CP-NEQ,No,8,6,60.24285101890564,feasible
ER_n120_p0.2_s42,CP-NEQ,Yes,8,6,60.257848024368286,feasible
ER_n120_p0.2_s42,ASS-CPSAT,No,8,6,63.30790853500366,feasible
ER_n120_p0.2_s42,ASS-CPSAT,Yes,8,6,63.00120306015015,feasible
ER_n120_p0.2_s42,ASS-S-CPSAT,No,8,6,63.561394929885864,feasible
ER_n120_p0.2_s42,ASS-S-CPSAT,Yes,8,6,63.0179009437561,feasible
ER_n120_p0.2_s42,CP-AllDiff,No,8,6,60.35179424285889,feasible
ER_n120_p0.2_s42,CP-AllDiff,Yes,8,6,60.322710275650024,feasible
ER_n120_p0.2_s42,SAT,No,8,5,74.78039860725403,feasible
ER_n120_p0.2_s42,SAT,Yes,8,5,63.52606248855591,feasible
ER_n120_p0.2_s123,CP-NEQ,No,8,6,60.276495933532715,feasible
ER_n120_p0.2_s123,CP-NEQ,Yes,8,6,60.28828811645508,feasible
ER_n120_p0.2_s123,ASS-CPSAT,No,8,6,63.1226966381073,feasible
ER_n120_p0.2_s123,ASS-CPSAT,Yes,8,6,63.05809211730957,feasible
ER_n120_p0.2_s123,ASS-S-CPSAT,No,8,6,63.51272130012512,feasible
ER_n120_p0.2_s123,ASS-S-CPSAT,Yes,8,6,62.68767857551575,feasible
ER_n120_p0.2_s123,CP-AllDiff,No,8,6,60.25622367858887,feasible
ER_n120_p0.2_s123,CP-AllDiff,Yes,8,6,60.243369579315186,feasible
ER_n120_p0.2_s123,SAT,No,8,5,71.02721405029297,feasible
ER_n120_p0.2_s123,SAT,Yes,8,5,69.97355437278748,feasible
BA_n100_m2_s42,CP-NEQ,No,3,3,0.04771757125854492,optimal
BA_n100_m2_s42,CP-NEQ,Yes,3,1,8.821487426757812e-05,optimal
BA_n100_m2_s42,ASS-CPSAT,No,3,3,0.5900397300720215,optimal
BA_n100_m2_s42,ASS-CPSAT,Yes,3,1,0.00041294097900390625,optimal
BA_n100_m2_s42,ASS-S-CPSAT,No,3,3,0.5768647193908691,optimal
BA_n100_m2_s42,ASS-S-CPSAT,Yes,3,1,7.724761962890625e-05,optimal
BA_n100_m2_s42,CP-AllDiff,No,3,3,0.05108237266540527,optimal
BA_n100_m2_s42,CP-AllDiff,Yes,3,1,8.416175842285156e-05,optimal
BA_n100_m2_s42,SAT,No,3,3,0.2606503963470459,optimal
BA_n100_m2_s42,SAT,Yes,3,1,9.202957153320312e-05,optimal
BA_n100_m2_s123,CP-NEQ,No,3,3,0.04203081130981445,optimal
BA_n100_m2_s123,CP-NEQ,Yes,3,1,8.034706115722656e-05,optimal
BA_n100_m2_s123,ASS-CPSAT,No,3,3,0.48806071281433105,optimal
BA_n100_m2_s123,ASS-CPSAT,Yes,3,1,7.152557373046875e-05,optimal
BA_n100_m2_s123,ASS-S-CPSAT,No,3,3,0.4689810276031494,optimal
BA_n100_m2_s123,ASS-S-CPSAT,Yes,3,1,6.413459777832031e-05,optimal
BA_n100_m2_s123,CP-AllDiff,No,3,3,0.41114330291748047,optimal
BA_n100_m2_s123,CP-AllDiff,Yes,3,1,7.224082946777344e-05,optimal
BA_n100_m2_s123,SAT,No,3,3,0.19167542457580566,optimal
BA_n100_m2_s123,SAT,Yes,3,1,5.936622619628906e-05,optimal
BA_n100_m4_s42,CP-NEQ,No,5,5,0.09535074234008789,optimal
BA_n100_m4_s42,CP-NEQ,Yes,5,1,0.00010180473327636719,optimal
BA_n100_m4_s42,ASS-CPSAT,No,5,5,1.3711612224578857,optimal
BA_n100_m4_s42,ASS-CPSAT,Yes,5,1,9.72747802734375e-05,optimal
BA_n100_m4_s42,ASS-S-CPSAT,No,5,5,1.280393362045288,optimal
BA_n100_m4_s42,ASS-S-CPSAT,Yes,5,1,7.653236389160156e-05,optimal
BA_n100_m4_s42,CP-AllDiff,No,5,5,0.09202218055725098,optimal
BA_n100_m4_s42,CP-AllDiff,Yes,5,1,9.083747863769531e-05,optimal
BA_n100_m4_s42,SAT,No,5,5,0.7665295600891113,optimal
BA_n100_m4_s42,SAT,Yes,5,1,6.604194641113281e-05,optimal
BA_n100_m4_s123,CP-NEQ,No,5,5,0.1902620792388916,optimal
BA_n100_m4_s123,CP-NEQ,Yes,5,5,0.15652108192443848,optimal
BA_n100_m4_s123,ASS-CPSAT,No,5,5,0.7570605278015137,optimal
BA_n100_m4_s123,ASS-CPSAT,Yes,5,5,0.7683999538421631,optimal
BA_n100_m4_s123,ASS-S-CPSAT,No,5,5,0.7781767845153809,optimal
BA_n100_m4_s123,ASS-S-CPSAT,Yes,5,5,0.8150796890258789,optimal
BA_n100_m4_s123,CP-AllDiff,No,5,5,0.16884827613830566,optimal
BA_n100_m4_s123,CP-AllDiff,Yes,5,5,0.14841222763061523,optimal
BA_n100_m4_s123,SAT,No,5,5,0.4033701419830322,optimal
BA_n100_m4_s123,SAT,Yes,5,5,0.35611915588378906,optimal
BA_n150_m2_s42,CP-NEQ,No,3,3,0.062307119369506836,optimal
BA_n150_m2_s42,CP-NEQ,Yes,3,1,0.00010585784912109375,optimal
BA_n150_m2_s42,ASS-CPSAT,No,3,3,1.2241647243499756,optimal
BA_n150_m2_s42,ASS-CPSAT,Yes,3,1,9.322166442871094e-05,optimal
BA_n150_m2_s42,ASS-S-CPSAT,No,3,3,1.1658165454864502,optimal
BA_n150_m2_s42,ASS-S-CPSAT,Yes,3,1,8.630752563476562e-05,optimal
BA_n150_m2_s42,CP-AllDiff,No,3,3,0.059612274169921875,optimal
BA_n150_m2_s42,CP-AllDiff,Yes,3,1,9.72747802734375e-05,optimal
BA_n150_m2_s42,SAT,No,3,3,0.688075065612793,optimal
BA_n150_m2_s42,SAT,Yes,3,1,8.082389831542969e-05,optimal
BA_n150_m2_s123,CP-NEQ,No,3,3,0.055693864822387695,optimal
BA_n150_m2_s123,CP-NEQ,Yes,3,1,0.00011348724365234375,optimal
BA_n150_m2_s123,ASS-CPSAT,No,3,3,1.0389845371246338,optimal
BA_n150_m2_s123,ASS-CPSAT,Yes,3,1,0.000125885009765625,optimal
BA_n150_m2_s123,ASS-S-CPSAT,No,3,3,1.0713565349578857,optimal
BA_n150_m2_s123,ASS-S-CPSAT,Yes,3,1,8.106231689453125e-05,optimal
BA_n150_m2_s123,CP-AllDiff,No,3,3,0.05960512161254883,optimal
BA_n150_m2_s123,CP-AllDiff,Yes,3,1,0.000110626220703125,optimal
BA_n150_m2_s123,SAT,No,3,3,0.3830864429473877,optimal
BA_n150_m2_s123,SAT,Yes,3,1,7.867813110351562e-05,optimal
BA_n150_m4_s42,CP-NEQ,No,5,5,0.12615585327148438,optimal
BA_n150_m4_s42,CP-NEQ,Yes,5,1,0.00013637542724609375,optimal
BA_n150_m4_s42,ASS-CPSAT,No,5,5,2.514115333557129,optimal
BA_n150_m4_s42,ASS-CPSAT,Yes,5,1,0.000125885009765625,optimal
BA_n150_m4_s42,ASS-S-CPSAT,No,5,5,2.7365100383758545,optimal
BA_n150_m4_s42,ASS-S-CPSAT,Yes,5,1,0.00013113021850585938,optimal
BA_n150_m4_s42,CP-AllDiff,No,5,5,0.12231063842773438,optimal
BA_n150_m4_s42,CP-AllDiff,Yes,5,1,0.0001373291015625,optimal
BA_n150_m4_s42,SAT,No,5,5,1.9336414337158203,optimal
BA_n150_m4_s42,SAT,Yes,5,1,9.679794311523438e-05,optimal
BA_n150_m4_s123,CP-NEQ,No,5,5,0.18983912467956543,optimal
BA_n150_m4_s123,CP-NEQ,Yes,5,5,0.1827085018157959,optimal
BA_n150_m4_s123,ASS-CPSAT,No,5,5,1.8309102058410645,optimal
BA_n150_m4_s123,ASS-CPSAT,Yes,5,5,1.7646827697753906,optimal
BA_n150_m4_s123,ASS-S-CPSAT,No,5,5,1.7184336185455322,optimal
BA_n150_m4_s123,ASS-S-CPSAT,Yes,5,5,1.7509257793426514,optimal
BA_n150_m4_s123,CP-AllDiff,No,5,5,0.16139554977416992,optimal
BA_n150_m4_s123,CP-AllDiff,Yes,5,5,0.15078282356262207,optimal
BA_n150_m4_s123,SAT,No,5,5,0.958665132522583,optimal
BA_n150_m4_s123,SAT,Yes,5,5,0.9480123519897461,optimal
